,global_centroid_cosine_pct,nearest_neighbor_cosine_pct,isolation_forest_pct,local_outlier_factor_pct,cluster_residual_cosine_pct,modality_residual_cosine_pct,ensemble_uniqueness
global_centroid_cosine_pct,1.0,0.15417766023449922,0.6588219488894196,0.5201277764509196,0.12808992118461907,0.38598340100310485,0.6628910661270248
nearest_neighbor_cosine_pct,0.15417766023449922,1.0,0.6604886534248987,0.5048958618834951,0.6772791565262275,0.1597202578532078,0.7204768488499442
isolation_forest_pct,0.6588219488894196,0.6604886534248987,1.0,0.7780988774779078,0.6643808215906377,0.1735640076427036,0.9263227974483353
local_outlier_factor_pct,0.5201277764509196,0.5048958618834951,0.7780988774779078,1.0,0.504699068545498,0.20279734893718654,0.8319929901794698
cluster_residual_cosine_pct,0.12808992118461907,0.6772791565262275,0.6643808215906377,0.504699068545498,1.0,-0.007150107475519465,0.6888824038410989
modality_residual_cosine_pct,0.38598340100310485,0.1597202578532078,0.1735640076427036,0.20279734893718654,-0.007150107475519465,1.0,0.40592283654600475
ensemble_uniqueness,0.6628910661270248,0.7204768488499442,0.9263227974483353,0.8319929901794698,0.6888824038410989,0.40592283654600475,1.0
