{
  "n_documents": 159,
  "n_clusters": 5,
  "silhouette_scores": {
    "2": 0.22870364785194397,
    "3": 0.2514280676841736,
    "4": 0.23825815320014954,
    "5": 0.2633652687072754,
    "6": 0.21829023957252502,
    "7": 0.2549724578857422,
    "8": 0.2279423624277115,
    "9": 0.20611950755119324,
    "10": 0.24119068682193756,
    "11": 0.19481419026851654,
    "12": 0.21343129873275757
  },
  "pca_explained_variance_ratio": [
    0.2375263124704361,
    0.1685345470905304
  ]
}